Date,Open_PT,Volume_PT,Open_TH,Volume_TH,COVID_ND,COVID_NC,COVID_TV
3/3/2020,108.360001,77500,124.5,2242300,3,51,620
3/4/2020,108.169998,90600,125.169998,2355900,4,70,891
3/5/2020,108.269997,113200,123.400002,4000300,3,78,1201
3/6/2020,103.599998,87800,139.029999,4198500,3,130,1521
3/9/2020,99.860001,148700,125.809998,2441500,4,390,2399
3/10/2020,101.919998,144500,137.509995,5538800,7,498,3469
3/11/2020,97.879997,111700,152.059998,6149800,12,530,4832
3/12/2020,90,177200,126.75,3990100,7,734,8872
3/13/2020,87.339996,150800,125.559998,5298400,11,951,11732
3/16/2020,81.75,228600,122.610001,4466200,21,2346,27298
3/17/2020,64.889999,451400,119.959999,5500500,27,3199,39808
3/18/2020,55.459999,374200,115.010002,5088700,64,4892,50388
3/19/2020,47.790001,262600,140.149994,4803100,69,6121,60566
3/20/2020,55.27,323900,140.479996,4097600,92,7547,76250
3/23/2020,54.41,193700,146.479996,5493000,161,10692,79822
3/24/2020,58.970001,421900,173.75,8011900,212,11402,104551
3/25/2020,65.889999,249600,159.309998,13377100,301,14083,114703
3/26/2020,64.230003,240500,148.009995,5849500,339,18538,129249
3/27/2020,67,287800,157.910004,3862300,485,20218,135816
3/30/2020,64.809998,156800,170.789993,3627200,626,15306,123480
3/31/2020,69.150002,246300,159.860001,3186600,990,23731,142265
4/1/2020,65.669998,358300,153.5,3191100,1123,28415,153123
4/2/2020,58.240002,213400,161.550003,2340000,1311,30014,161772
4/3/2020,59.48,135400,156.509995,1467400,1374,31742,169297
4/6/2020,59.259998,171100,150,2679400,1699,28644,143096
4/7/2020,65.080002,138900,143.880005,3680100,2100,29187,179974
4/8/2020,65.93,139400,141.634995,2822800,2244,34240,168326
4/9/2020,70.540001,89900,138.270004,2540300,2216,34840,174058
4/13/2020,71.720001,157400,150.050003,2279800,1895,24988,114191
4/14/2020,71.610001,91300,156.690002,2401600,2472,25080,162537
4/15/2020,71.970001,184300,160.889999,5345000,2703,25254,172381
4/16/2020,70,294000,166.5,3547400,2454,31681,184256
4/17/2020,71.169998,168500,166.996994,3244800,2322,30325,198585
4/20/2020,70,294700,171.690002,2848600,2056,26085,160472
4/21/2020,67.400002,184400,184.759995,3276300,2658,25234,221284
4/22/2020,68.290001,91700,174.259995,2116900,2251,31144,235903
4/23/2020,66.650002,145500,181,2442300,2002,32983,233347
4/24/2020,68.349998,194500,190.119995,2845900,2080,34903,259603
4/27/2020,69.129997,112500,196.029999,3635400,1513,24173,225884
4/28/2020,71.040001,136200,195.610001,5505100,2106,23593,269805
4/29/2020,74.019997,301600,175,3923700,2414,27034,294861
4/30/2020,72.120003,204100,166.649994,5573600,2227,31444,322632
5/1/2020,73.040001,156400,162.100006,2632600,1927,32141,336784
5/4/2020,66.769997,180500,170.710007,2724000,1242,21545,250946
5/5/2020,72.25,121300,176,2444600,2433,22869,319613
5/6/2020,71.160004,54600,171.179993,1916800,2335,25331,359894
5/7/2020,68.93,80500,177.669998,1631100,2098,29530,362882
5/8/2020,70.660004,175900,175,2209800,1603,28327,403883
5/11/2020,70.43,129900,178.600006,3259900,1067,19804,320143
5/12/2020,69.019997,183800,191.880005,2013100,1530,24196,422260
5/13/2020,68.699997,120200,189.580002,3377600,1504,17459,450639
5/14/2020,65.400002,139200,185.009995,5225700,1933,34449,450588
5/15/2020,68.559998,97800,176.899994,4279100,1542,26889,445918
5/18/2020,71.470001,114700,180.5,4100400,966,23122,353291
5/19/2020,73.550003,124400,175.800003,2534500,1184,21709,434280
5/20/2020,76.690002,168700,177.960007,2799100,1363,24030,463299
5/21/2020,80.029999,257100,172.300003,2328500,1091,25808,460106
5/22/2020,76.190002,125500,176.339996,1460200,1794,26026,492576
5/26/2020,77.919998,119800,173.25,3447700,831,16826,461825
5/27/2020,79.379997,151800,158.419998,4784800,1288,19800,553756
5/28/2020,76.82,131500,160.550003,2576500,1218,24201,536705
5/29/2020,74.919998,137400,170.929993,5770600,1039,23798,547284
6/1/2020,74.330002,115400,172.600006,2495100,694,17242,439417
6/2/2020,75.419998,74200,172.5,2410200,939,20812,522252
6/3/2020,77.239998,227600,166.789993,2506200,1028,21026,582525
6/4/2020,78.019997,124400,163,3343100,876,20659,618662
6/5/2020,82.150002,171600,151.300003,2950700,865,24720,573342
6/8/2020,88.82,163000,160,2233700,799,18078,449394
6/9/2020,85.660004,165700,169.570007,1794700,827,18576,560569
6/10/2020,85.580002,121100,170,2591300,869,22256,628991
6/11/2020,77.400002,206300,178,4216700,894,23005,615021
6/12/2020,76.660004,113700,177.360001,2125400,731,28397,616778
6/15/2020,71,106100,175.210007,3415800,537,20678,506621
6/16/2020,78.669998,102000,183.910004,2424900,669,24784,673128
6/17/2020,78.400002,72600,189,2484700,678,25869,706119
6/18/2020,74.580002,81200,192.399994,2611500,655,28651,702149
6/19/2020,77.529999,200500,192.960007,4819000,744,33230,704508
6/22/2020,75.970001,67100,204.960007,2659300,496,28780,548171
6/23/2020,77.769997,134800,206,2653800,737,37891,700759
6/24/2020,77.839996,141900,198.479996,2679200,692,37239,767213
6/25/2020,75.610001,122300,196.509995,2755900,720,47188,771676
6/26/2020,76.300003,150400,203.059998,10468400,706,46552,810256
6/29/2020,75.809998,64400,194,2830800,474,38696,665108
6/30/2020,79.440002,108500,188.380005,1585600,640,46663,856326
7/1/2020,80.720001,111900,189.899994,1986300,782,59320,884933
7/2/2020,82.419998,70100,202.789993,2416100,705,55590,858914
7/6/2020,82.839996,61000,212.369995,2402800,627,51116,725814
7/7/2020,80.239998,81800,219.550003,2245900,923,56223,903777
7/8/2020,77.169998,92900,220.800003,1457700,1090,65116,981174
7/9/2020,75.730003,96000,226.550003,1387300,952,62288,1012255
7/10/2020,74.190002,55600,228,1202600,952,68474,1016304
7/13/2020,77.540001,65600,233,2180900,736,56240,868219
7/14/2020,77.269997,69400,220.399994,3039400,925,64950,1004111
7/15/2020,80.739998,129300,209.559998,2425800,1127,72286,1035607
7/16/2020,81.82,56500,219.059998,1362900,1082,69906,1029317
7/17/2020,80.339996,68600,218.559998,1032900,1092,77099,1047682
7/20/2020,80.150002,77400,220.210007,1578000,880,58632,907791
7/21/2020,81.370003,54100,230.339996,1351000,1185,63637,1036656
7/22/2020,82.629997,46700,228.820007,1078800,1195,72445,1110047
7/23/2020,83.230003,54400,226.839996,1296200,1261,73743,1084284
7/24/2020,83.419998,49900,214.710007,1302600,1338,73414,1074949
7/27/2020,81.830002,37000,215,1612900,953,53609,797985
7/28/2020,83.330002,55200,213.5,967900,1185,59119,968536
7/29/2020,82.610001,39500,216,1862900,1168,64849,1040860
7/30/2020,82.730003,55700,211.839996,3985700,1421,66809,1038563
7/31/2020,82.940002,100700,240,2478700,1388,68721,990913
8/3/2020,83.419998,64800,234.070007,1741400,890,45474,777315
8/4/2020,82.199997,85600,240,2923500,1089,51895,884194
8/5/2020,86,107500,238.169998,27423400,1266,56106,965852
8/6/2020,90.959999,147100,216,10382100,1204,54820,990969
8/7/2020,88.970001,75600,215,9661000,1318,62260,1016044
8/10/2020,92.830002,92200,197.009995,9062200,823,44261,785389
8/11/2020,92.709999,111100,190,6227800,1097,59058,909521
8/12/2020,92.43,60700,185.089996,4050500,1341,55167,1028554
8/13/2020,89.849998,63400,187.809998,4345200,1202,52116,980587
8/14/2020,89.220001,39800,192.5,3569700,1065,56139,961833
8/17/2020,89.43,58400,196.550003,6643000,656,41896,677073
8/18/2020,91.669998,66600,211.509995,6587700,942,41695,895762
8/19/2020,88.120003,48400,217.389999,4745900,1280,47083,1005267
8/20/2020,86.120003,43300,213.630005,3057700,995,46821,996995
8/21/2020,85.650002,63500,219.75,6260300,1023,47830,965760
8/24/2020,86.449997,65700,224.949997,5660600,613,36209,667015
8/25/2020,84.25,108400,209.740005,3268500,890,40799,906241
8/26/2020,83.519997,78900,210.809998,3775500,1065,47286,1018189
8/27/2020,83.599998,108100,212.449997,2796900,960,47040,1020999
8/28/2020,89.940002,64800,217.5,3291300,1037,47061,987536
8/31/2020,90.949997,89700,210.330002,3461600,584,39217,661911
9/1/2020,88.470001,73600,219.330002,3028600,857,39077,908031
9/2/2020,88.709999,112600,227.800003,3060200,874,42368,1027740
9/3/2020,94.769997,85400,213.850006,4899700,952,45445,1033220
9/4/2020,94.860001,93500,196.949997,4980100,929,51324,999974
9/8/2020,92.660004,68800,189.5,2927800,576,28634,664399
9/9/2020,93.889999,82300,197.259995,2253400,840,35309,959598
9/10/2020,93.830002,55300,202.220001,2045100,846,38872,1088546
9/11/2020,91.639999,59200,199.410004,2675100,880,44376,1100885
9/14/2020,91.779999,37900,192.520004,1804500,454,34666,709126
9/15/2020,93.309998,55600,195.600006,1482000,776,37183,967969
9/16/2020,93.139999,37500,195,2493300,1107,44829,1140245
9/17/2020,92.059998,47400,187.419998,3457400,732,45405,1158466
9/18/2020,92.709999,202800,200.889999,4441300,823,48159,1230125
9/21/2020,88.860001,67800,203,2898600,580,41739,750827
9/22/2020,87.620003,113900,205.490005,3728400,659,50045,1030273
9/23/2020,84.489998,71000,214,2960400,907,42684,1205650
9/24/2020,82.230003,40900,203.110001,1960300,747,46381,1203212
9/25/2020,82.519997,47300,207.990005,3605800,769,50203,1130579
9/28/2020,85.239998,41300,222.029999,2273200,422,39251,668350
9/29/2020,85.57,61600,216.5,2137200,804,38961,985130
9/30/2020,86.040001,95600,217.270004,2632100,689,45998,1201578
10/1/2020,86.989998,84600,222.860001,1817800,752,47510,1225274
10/2/2020,84.589996,56000,215,2397800,912,51183,1192666
10/5/2020,87.080002,89400,223.389999,1651200,529,41750,807846
10/6/2020,88.870003,88800,223.289993,1753300,641,41943,1228061
10/7/2020,87.660004,116200,222.149994,2308700,805,54337,1414121
10/8/2020,86.419998,71100,225.279999,1257700,733,55683,1434976
10/9/2020,90.800003,40600,223.880005,1595400,790,59178,1402405
10/12/2020,88.129997,38800,221.899994,1837000,508,50066,811029
10/13/2020,85.839996,41300,220.979996,4452800,655,50591,1065791
10/14/2020,86.360001,37700,233.529999,2184400,829,58073,1232655
10/15/2020,84.839996,58300,225.339996,2062500,715,63146,1306614
10/16/2020,85.980003,153700,227.5,1277400,879,69422,1331837
10/19/2020,85.889999,62000,222.710007,1669000,621,62074,876231
10/20/2020,84.889999,57900,223.800003,1271500,801,59149,1278623
10/21/2020,84.260002,64500,224.740005,2223000,1044,70213,1480785
10/22/2020,82.620003,95900,218.399994,1545800,933,75043,1533771
10/23/2020,83.830002,51300,215,1347600,947,82963,1466626
10/26/2020,81.07,81500,215,2214800,701,69963,955428
10/27/2020,79.68,94200,214.690002,2835700,894,76006,1340868
10/28/2020,76.690002,138200,220.130005,4575900,1072,85092,1504689
10/29/2020,75.089996,132600,217.589996,11257900,1103,91554,1486623
10/30/2020,76.769997,123200,215.990005,6095700,932,98071,1502558
11/2/2020,80.709999,130300,194,5631100,751,87547,1017118
11/3/2020,89.029999,209900,192,3380200,1035,98919,1365083
11/4/2020,86.809998,168200,200,3985200,1308,114995,1633060
11/5/2020,86.739998,244100,205.600006,3273000,1217,123760,1696724
11/6/2020,95.75,120600,208.5,2418600,1299,134454,1678154
11/9/2020,104.989998,166900,191.375,10987200,952,125316,1224520
11/10/2020,113.010002,146600,180.410004,7792100,1226,147659,1539298
11/11/2020,107.940002,178800,177.550003,4549400,1518,154286,1791700
11/12/2020,108.260002,206700,186.949997,3762700,1367,162880,1854306
11/13/2020,105.650002,88300,190,4582900,1275,178169,1905197
11/16/2020,111.400002,83700,178.100006,6252600,1064,153120,1492982
11/17/2020,107.800003,103500,178.970001,3696700,1590,167782,1905839
11/18/2020,112.690002,132000,180.029999,4238900,1858,171721,2099593
11/19/2020,106.529999,40100,182,4392800,1914,190435,2077049
11/20/2020,105.5,56200,192.509995,4442100,1993,194842,2151275
11/23/2020,108.230003,39900,200,3106000,1463,159973,1674308
11/24/2020,108.769997,57900,193.490005,3917200,1886,175822,1972778
11/25/2020,111.349998,68700,188.279999,2114700,2304,195689,2226510
11/27/2020,106.669998,26000,192,1758200,1671,165966,1513708
11/30/2020,106.239998,65800,198,3108400,1600,152692,1466456
12/1/2020,108.129997,54800,198.660004,2519900,2384,193345,1844363
12/2/2020,107.330002,53200,192.330002,1940900,2784,210134,2100019
12/3/2020,105.32,69500,196.5,2548400,2723,218466,2148646
12/4/2020,106.260002,39400,197.399994,2447300,2630,225975,2119441
12/7/2020,109,60800,199.279999,2967700,2017,183767,1541134
12/8/2020,108.010002,56200,199.789993,1760400,2549,227936,1916430
12/9/2020,114.699997,80900,199.5,2551200,3370,222552,2125192
12/10/2020,112.160004,36800,192.169998,2120500,2693,209233,2182731
12/11/2020,111.059998,68200,198.929993,1839800,3203,247444,2057419
12/14/2020,111.75,89900,197.509995,2155500,2018,198288,1495557
12/15/2020,113.900002,124500,196.089996,1870700,2765,200664,1947559
12/16/2020,118.970001,84500,188.25,6965800,3395,241850,2077970
12/17/2020,118.129997,66200,190,3020300,3347,247213,2054247
12/18/2020,119.980003,239400,197.139999,3525000,2976,237278,2022783
12/21/2020,117.330002,103200,199,3856800,2188,183821,1529954
12/22/2020,117.949997,90300,201.990005,3107400,2910,199108,1989237
12/23/2020,120.949997,57500,206.550003,2934300,3209,226962,2281734
12/24/2020,121.760002,17500,211.330002,1960500,3032,202822,1893199
12/28/2020,122.559998,63500,209.139999,3234900,2240,178466,1310205
12/29/2020,124.599998,54700,200.460007,1871700,3360,209307,1887578
12/30/2020,121.519997,44600,202,1633100,3770,237846,2193201
12/31/2020,119.830002,83100,202.960007,1924000,3774,230254,1925782
1/4/2021,121.209999,72600,199.800003,2552800,2092,175357,1410588
1/5/2021,118.360001,48800,200.009995,2086200,3490,243777,1974736
1/6/2021,123.400002,99900,199.164993,3629300,3864,259556,2340687
1/7/2021,128.059998,48600,209,5913100,3981,270164,2263498
1/8/2021,129.309998,77900,227.300003,4235000,3772,293325,2153625
1/11/2021,126.690002,59800,227.315002,2462500,2619,204536,1532373
1/12/2021,129.789993,38700,225.910004,2748800,3602,218031,2038694
1/13/2021,128.320007,54200,231,1834300,4071,228273,2120398
1/14/2021,130.169998,63300,226.300003,2755000,3708,223815,2092033
1/15/2021,128.360001,65300,228,2337700,3407,240118,2050935
1/19/2021,128.440002,63200,228.669998,3415600,2757,149970,1819002
1/20/2021,128.830002,39600,235,6554400,3858,188352,2145008
1/21/2021,130.100006,49000,245.809998,2593600,3838,188611,2069651
1/22/2021,125.980003,51000,244.960007,5043300,3688,191205,1939777
1/25/2021,130.149994,47500,265.48999,9083500,2129,134347,1243917
1/26/2021,133.449997,56300,283.825012,3490800,3560,146828,1795009
1/27/2021,131.080002,84300,275,3798300,3982,159388,2078490
1/28/2021,134.339996,73200,268.589996,3236300,3865,156410,1919712
1/29/2021,125.669998,122600,262.350006,3704100,3270,164601,1857601
2/1/2021,120.510002,73300,265.200012,2728900,2279,129003,1038751
2/2/2021,128.059998,42400,270,2749600,2968,122060,1641913
2/3/2021,128.029999,31300,269.850006,1747900,3317,108864,1879558
2/4/2021,127.690002,23400,277.850006,2191600,3132,125432,1940130
2/5/2021,132.880005,34900,280,2229500,3418,124972,1839993
2/8/2021,133.929993,31300,286.579987,1944200,1697,82407,1050820
2/9/2021,136.899994,57000,293.959991,2085300,2440,91585,1701973
2/10/2021,138.740005,50200,290.48999,2024200,2828,99175,1649931
2/11/2021,138.169998,47200,291.25,2063700,3246,99475,1425255
2/12/2021,136.679993,28300,285.350006,1847600,2527,97875,1419999
2/16/2021,139.600006,49900,298.26001,3341800,1431,57464,1257483
2/17/2021,135.630005,77500,288.600006,2247500,2193,63967,1478400
2/18/2021,136.940002,39600,283.399994,1621900,2260,68577,1420966
2/19/2021,134.380005,35100,286.600006,1929400,2450,73775,1360329
2/22/2021,135.369995,30600,292.140015,2858200,1523,56467,1046264
2/23/2021,135.820007,117300,251.529999,4694900,1709,70420,1654148
2/24/2021,136.699997,71700,256.559998,3007100,2007,72829,1697874
2/25/2021,127,489100,240,9082300,2936,71893,1619406
2/26/2021,116.029999,162100,222.149994,6992600,1934,73587,1484260
3/1/2021,119.209999,81600,227,4941000,1258,51358,999659
3/2/2021,116.690002,85500,229.399994,3057700,1357,54402,1618208
3/3/2021,112.300003,54600,214.630005,5570600,1558,66013,1745616
3/4/2021,111.739998,109600,201.25,6852200,1560,65543,1560059
3/5/2021,112.610001,57600,194.149994,8593200,1956,64232,1437335
3/8/2021,113.699997,59500,188.149994,4448600,821,43399,982232
3/9/2021,116.099998,73600,186.690002,4383700,1019,52938,1546293
3/10/2021,119.800003,46700,196.300003,5604200,1581,62160,1621976
3/11/2021,121.489998,52500,190,5865700,1324,60203,1505836
3/12/2021,119.330002,51600,195.169998,3815600,1287,64286,1403902
3/15/2021,121.089996,35600,201.080002,2950100,699,43774,954249
3/16/2021,120.900002,49100,204,2426800,863,52004,1504941
3/17/2021,115.959999,75800,184.809998,6752500,1056,61728,1623391
3/18/2021,119.440002,94300,189.869995,4097700,839,62887,1480079
3/19/2021,119.68,144300,185.550003,3759300,1186,62384,1348406
3/22/2021,119.709999,42900,192.119995,2860500,943,48527,979326
3/23/2021,115.160004,106700,197.179993,2113800,753,58011,1535650
3/24/2021,114.43,82100,194.880005,3533600,1121,68449,1663187
3/25/2021,106.970001,198400,177.5,6422600,989,65984,1452625
3/26/2021,109.220001,249000,178.369995,3388500,1060,75250,1378079
3/29/2021,106.07,103800,175,4048600,557,58448,1012195
3/30/2021,104.419998,129100,169.619995,2414400,723,61788,1536561
3/31/2021,104.080002,109700,178,2876900,958,70981,1585231
4/1/2021,105.879997,103200,187.009995,2822800,817,74315,1447144
4/5/2021,111.400002,91800,187.059998,2012500,375,56980,951541
4/6/2021,107.050003,58900,182.279999,2301900,722,64237,1555676
4/7/2021,107.660004,56100,182.5,2105800,827,76100,1670197
4/8/2021,105.440002,86900,181.940002,2289200,861,76494,1519203
4/9/2021,107.790001,56700,182.309998,1875700,839,77503,1453585
4/12/2021,106.769997,50900,181.332001,1968000,546,62113,1057171
4/13/2021,103.629997,83800,184.5,3787600,748,71943,1614230
4/14/2021,104.440002,48800,190,3178500,801,71978,1676932
4/15/2021,105.779999,53300,192.710007,2393700,797,73308,1485762
4/16/2021,105.910004,81500,193,1574100,813,72265,1456945
4/19/2021,109.279999,138800,188.110001,2725300,487,36051,1020497
4/20/2021,110.18,59600,183.039993,1807600,740,57901,1571359
4/21/2021,110.360001,59200,179.800003,1392600,779,64370,1655882
4/22/2021,114.419998,107700,185,1905800,794,62933,1498425
4/23/2021,115.519997,68000,182.389999,1811200,846,63145,1411991
4/26/2021,117.489998,42300,184.009995,2922500,487,39932,999448
4/27/2021,116.419998,44700,190.789993,2170900,541,50560,1575190
4/28/2021,114.699997,27700,186.330002,2959500,848,55361,1581476
4/29/2021,115.550003,31200,174.710007,12156900,768,56393,1420745
4/30/2021,113.389999,53800,169.240005,4087200,796,55735,1316439
5/3/2021,115.989998,102600,172.389999,4680000,474,33300,897818
5/4/2021,117.379997,34700,160.5,6137400,694,42781,1423671
5/5/2021,115.480003,54200,159.399994,3970400,723,45222,1532114
5/6/2021,111.410004,60400,155.789993,5164000,671,43322,1311381
5/7/2021,119.510002,44500,152.820007,4511600,815,44980,1179175
5/10/2021,119.790001,60300,150.270004,5684300,422,24668,860732
5/11/2021,116.169998,61700,133.740005,6350300,612,33213,1336966
5/12/2021,116.050003,41500,142.009995,3425000,702,36164,1345683
5/13/2021,113,49600,140.149994,5316700,590,40719,1196381
5/14/2021,117.099998,32800,134.589996,3391500,696,35556,1087173
5/17/2021,116.010002,27000,138.410004,2921100,373,19601,798726
5/18/2021,116.489998,30900,138,3009700,604,27923,1215260
5/19/2021,115.410004,23300,135.429993,2502900,607,27857,1181187
5/20/2021,115.809998,23500,137.5,2371300,528,28115,1009376
5/21/2021,118.209999,38200,143.190002,2363000,674,28188,986310
5/24/2021,118.279999,30000,141.880005,1999500,353,15387,713156
5/25/2021,117.580002,33600,144.210007,2915100,506,24407,1074745
5/26/2021,118.080002,35700,145.649994,2761600,525,23728,1051678
5/27/2021,120.029999,35500,148.320007,3811400,544,22260,928253
5/28/2021,118.669998,30300,150.869995,3100800,707,24882,839197
6/1/2021,117.199997,74300,153.869995,2722600,337,9136,709628
6/2/2021,118.410004,95900,151.300003,1902000,500,16338,1110409
6/3/2021,119.699997,69000,151.490005,2831700,475,18450,989465
6/4/2021,120.75,44500,147.179993,2260900,594,18739,870099
6/7/2021,120.610001,36600,147.779999,2345000,324,10027,644875
6/8/2021,119.550003,27000,154.660004,2169200,314,14419,886075
6/9/2021,119.480003,28500,153.550003,2545200,370,19322,867761
6/10/2021,120.010002,27300,150.070007,2355700,391,16044,785060
6/11/2021,118.330002,32800,155.740005,1671100,398,14169,764580
6/14/2021,121,26900,156.289993,2348500,202,8364,597996
6/15/2021,118.629997,40500,157.149994,1988400,312,12855,832110
6/16/2021,120.059998,37800,151.419998,2768800,341,13228,793234
6/17/2021,116.790001,43800,150.649994,2617000,278,13539,725325
6/18/2021,112.980003,100400,156.789993,3033600,273,11993,693820
6/21/2021,110.519997,44100,154.5,1664900,275,8737,570978
6/22/2021,112.580002,54500,155.389999,2172800,309,13497,782552
6/23/2021,114.410004,71500,158,2561200,338,13907,764567
6/24/2021,115.110001,91500,161.669998,2733500,316,15628,694625
6/25/2021,116.900002,114500,165.5,5609500,394,15105,673425
6/28/2021,118.510002,48800,167.570007,2983600,191,10634,552726
6/29/2021,117.620003,23400,171.210007,2345500,277,15732,697551
6/30/2021,114.709999,34200,171,2390300,244,11705,677978
7/1/2021,117.400002,47700,165.289993,1906200,289,18729,642396
7/2/2021,119.459999,56600,165.789993,1422100,302,16962,599822
7/6/2021,118.800003,59100,164.630005,1751500,303,20142,591418
7/7/2021,115.290001,80600,164.029999,2015900,253,22806,778069
7/8/2021,110.480003,62300,154,1534300,265,28104,725193
7/9/2021,113.18,57000,157.25,1481500,312,27772,665415
7/12/2021,114.25,52700,159.639999,1622500,305,29274,588115
7/13/2021,114.540001,37300,155.559998,1632500,337,35189,739017
7/14/2021,115.730003,23900,155.570007,2745200,339,38486,759498
7/15/2021,112.599998,35000,149,2879400,321,40709,768259
7/16/2021,115.400002,37000,147.210007,2085700,368,42463,724912
7/19/2021,110,75800,144.800003,3196100,287,45194,659045
7/20/2021,111.800003,64800,152.789993,2982700,323,51104,901031
7/21/2021,114.110001,30900,154.960007,1703500,396,61556,928125
7/22/2021,111.43,54900,154.449997,1303500,345,71873,916280
7/23/2021,108.75,69000,151.949997,1630600,414,69752,881472
7/26/2021,109.010002,184800,150.910004,2138800,418,71430,785262
7/27/2021,103.860001,437100,149.929993,2767200,503,86169,1035479
7/28/2021,120,84400,134.779999,11581900,493,89594,1107341
7/29/2021,119.129997,32700,150.509995,3310500,503,99701,1110698
7/30/2021,119.190002,33000,154,2273000,651,105144,1049104
8/2/2021,117.849998,43200,147.009995,2120600,656,102590,967508
8/3/2021,118.699997,60600,149.199997,2107600,707,110717,1266199
8/4/2021,118.849998,67300,149.660004,2251100,745,127757,1322546
8/5/2021,121.440002,102200,150,2312600,763,128776,1381681
8/6/2021,120.809998,99900,153,1620900,843,126606,1337653
8/9/2021,114.129997,41700,149.320007,1510100,728,93501,1134199
8/10/2021,114.269997,40500,152,2558100,968,136257,1440131
8/11/2021,112.239998,28600,147.729996,2014000,603,144557,1532528
8/12/2021,114.040001,37400,144,1951300,997,152321,1533082
8/13/2021,112.290001,19500,145,1340300,1186,147291,1530263
8/16/2021,111.610001,27900,143.029999,2435100,853,109461,1281467
8/17/2021,110.949997,93400,137,2165400,1203,150821,1608149
8/18/2021,111.010002,32900,139.550003,1371900,1495,167896,1705682
8/19/2021,107.669998,63100,137.660004,2133400,1365,175683,1652495
8/20/2021,107.849998,44400,136,2251700,1570,167489,1545203
8/23/2021,110.260002,44100,140.789993,2189000,1130,116530,1322690
8/24/2021,110.93,79700,145.509995,1224200,1665,163469,1811375
8/25/2021,112.129997,52800,145,945100,1653,178070,1955843
8/26/2021,111.559998,53800,144.970001,1350900,1765,187242,1962525
8/27/2021,112.860001,59100,141.550003,1390800,1813,182967,1893631
8/30/2021,117.790001,52600,143.490005,1452300,1209,133441,1459915
8/31/2021,118.059998,60500,144.300003,1752800,1760,176982,1973699
9/1/2021,117.879997,38400,144.860001,1699900,1995,198857,2039752
9/2/2021,119.099998,41200,145.850006,1123900,2021,182206,1971705
9/3/2021,118.120003,27500,146,1171600,1939,183554,1869625
9/7/2021,116.349998,34300,144.970001,1826000,1468,117784,1406532
9/8/2021,114.949997,90600,143.199997,1577200,2074,169955,2045903
9/9/2021,115.68,32500,139.690002,1516800,2250,184629,2070318
9/10/2021,114.910004,44300,143.070007,1522000,2252,171780,2069063
9/13/2021,113.809998,34500,142.5,2206000,1293,112366,1493714
9/14/2021,113.860001,39700,137.809998,4071900,2433,162469,1891131
9/15/2021,111.620003,44400,133.110001,2286000,2397,163137,2129555
9/16/2021,112.309998,43100,133,1988000,2082,167550,2016444
9/17/2021,113.690002,160000,136.580002,5573400,2295,157901,1921434
9/20/2021,113.699997,71400,139.190002,2676600,1292,92528,1390468
9/21/2021,111.82,50500,136.5,2550100,2334,135075,1930274
9/22/2021,112.57,34200,139.479996,1856800,2298,132569,2067162
9/23/2021,112.07,39400,140,1558100,2061,136325,2000335
9/24/2021,112.660004,63800,138.389999,2662800,2400,133299,1919278
9/27/2021,116.459999,56400,133.5,1806200,1472,101754,1232720
9/28/2021,119.529999,67600,133.100006,2735300,2130,116618,1879456
9/29/2021,115.849998,45800,130.029999,2466500,2206,116575,2016439
9/30/2021,114.82,71500,126,2196700,1930,122980,1936915
10/1/2021,111.290001,78400,125.5,1965100,2150,121206,1830049
10/4/2021,111.239998,66600,125.110001,2923300,1227,86113,1276493
10/5/2021,112.260002,60800,122.400002,2057100,2054,104390,1847892
10/6/2021,109.050003,39500,121.93,1923900,1988,106948,1981099
10/7/2021,109.849998,51200,128.610001,3074900,1733,112541,1904541
10/8/2021,109.75,21700,131.619995,1847800,2235,107815,1788882
10/11/2021,107.949997,39400,130.830002,1878300,909,74224,1157371
10/12/2021,106.019997,40500,129.5,1511300,1944,89593,1660178
10/13/2021,106.269997,22700,132.550003,1924900,1780,96047,1863047
10/14/2021,106.32,51400,138.130005,2232700,1558,96506,1881597
10/15/2021,106.599998,40700,137.089996,2166500,1984,90777,1717841
10/18/2021,104,42700,135.160004,1573800,1257,69277,1233800
10/19/2021,106.019997,31300,136.949997,4279100,1845,80505,1719809
10/20/2021,106.889999,35700,140.509995,1961500,1752,76167,1883471
10/21/2021,107.82,45100,140,1664100,1534,87269,1839807
10/22/2021,107.120003,32200,139.860001,1504400,1875,81443,1616903
10/25/2021,106.059998,28500,137.360001,2172500,992,84080,1158505
10/26/2021,104.82,47100,143.259995,2981300,2017,102038,1681813
10/27/2021,103.040001,42900,140.619995,2899600,1707,83835,1802305
10/28/2021,102.949997,123900,131,9788400,1277,81675,1692455
10/29/2021,104.959999,48100,148.25,3600400,1737,88251,1555285
11/1/2021,108.040001,77000,149.509995,2406800,1141,109678,1059576
11/2/2021,110.440002,83200,151.440002,2494400,1433,74280,1640731
11/3/2021,107.889999,135400,146.759995,3132500,1444,78884,1894717
11/4/2021,113.139999,69700,155.029999,2843700,1207,88473,1755046
11/5/2021,109.150002,100300,148.350006,3680200,1563,89603,1592990
11/8/2021,109,78300,146.300003,1948700,1147,116543,1234384
11/9/2021,105.239998,35200,146.020004,2551900,1594,82636,1852796
11/10/2021,103.730003,35200,140.179993,3249500,1252,91973,1811355
11/11/2021,103.110001,36000,137.949997,2464500,965,73244,1718910
11/12/2021,102.68,60400,136.649994,3023800,1698,122732,1476454
11/15/2021,100.18,60500,136,2137700,1036,133534,1248261
11/16/2021,98.129997,76600,133.850006,2175300,1458,98332,1837631
11/17/2021,97.779999,148000,135.5,1985200,1267,105023,1943827
11/18/2021,97.650002,95300,134.839996,8864900,1089,113119,1876173
11/19/2021,88.339996,204800,124.010002,6726200,1591,113653,1650983
11/22/2021,93.769997,143400,115.669998,8485300,1128,145389,1152087
11/23/2021,95.669998,118700,107.610001,7261300,1552,100815,1622291
11/24/2021,92.970001,123700,102.561996,6284700,1221,106534,1651693
11/26/2021,90.559998,51500,117.300003,5712300,558,81692,761904
11/29/2021,89.550003,208900,108.25,6469200,1608,94267,1346035
11/30/2021,87.239998,118800,107.309998,6253900,1611,120910,1862445
12/1/2021,88.779999,165200,101.980003,6070400,1557,133580,1942370
12/2/2021,85.540001,138500,93.440002,5480300,1242,144108,2023620
12/3/2021,89.669998,419400,95.720001,5720000,1473,151702,1916759
12/6/2021,90,121100,90.879997,4654600,1255,183756,1271571
12/7/2021,96.540001,143100,97.485001,4030700,1849,126246,1924427
12/8/2021,96.620003,55700,98.57,3367300,1285,129998,2030835
12/9/2021,96.580002,53200,100.269997,3662800,1157,137522,1899745
12/10/2021,96.25,92300,95.980003,3273000,1825,134245,1840714
12/13/2021,95.889999,69200,93.519997,5389000,1269,186730,1340776
12/14/2021,93.559998,135100,90.75,4483200,1911,124560,1952600
12/15/2021,95.730003,87700,91.669998,4376500,1666,146620,2099882
12/16/2021,96.419998,88900,93,4572700,1105,162169,2075430
12/17/2021,94.110001,239500,88.480003,8824700,1852,160735,1977750
12/20/2021,95.919998,131900,95.75,4234500,1376,266479,1544667
12/21/2021,95,79700,95.510002,3558800,2259,207797,2180184
12/22/2021,96.489998,42700,96.709999,2663100,1554,243530,2383595
12/23/2021,96.82,110900,94.400002,3147100,1015,280015,2375070
12/27/2021,96.32,69700,93.169998,2685300,1617,466308,1698689
12/28/2021,96.68,65900,93.75,2806300,2181,401138,2285578
12/29/2021,98.970001,72600,91,2684800,1580,488460,2306976
12/30/2021,99.209999,44400,89.800003,3676700,1334,602303,2327839
12/31/2021,97.75,85900,94.019997,2482900,1321,466631,1991619
1/3/2022,96.580002,87200,92.379997,2701100,1477,909600,2200341
1/4/2022,101.400002,70400,95.629997,4367100,2810,735166,2886230
1/5/2022,98.900002,64400,90.75,4274800,1668,720549,3139662
1/6/2022,95.660004,63200,84.410004,4757800,2065,810140,3125644
1/7/2022,91.150002,144600,81.599998,3872500,2352,862102,2853925
1/10/2022,92.190002,82800,81.75,5678000,1956,1259915,2073252
1/11/2022,94.150002,68100,82.360001,3723200,3198,814296,2631036
1/12/2022,94.199997,97100,85.68,3924800,2191,863370,2859728
1/13/2022,91.480003,57000,82.400002,3739700,2146,899888,2963587
1/14/2022,92.349998,67100,77.5,4578700,2818,846647,2773701
1/18/2022,94.519997,111200,78.25,3577800,2633,860672,2543335
1/19/2022,91.830002,104800,76.010002,4640600,2818,785819,2909775
1/20/2022,91.230003,88800,77.019997,4987000,2853,775333,2752057
1/21/2022,91.07,121800,75.190002,5521500,3765,776107,2434329
1/24/2022,91.150002,147300,69.699997,6916500,2745,1011526,1511452
1/25/2022,93.029999,76700,72.010002,3914100,3535,499649,1889872
1/26/2022,93.440002,114900,74.449997,4802000,3101,547053,2043254
1/27/2022,92.519997,91500,70.709999,3280900,2842,572263,2003470
1/28/2022,93.190002,94500,67.800003,3942000,3458,525368,1855535
